{
  "results": [
    {
      "command": "make LLVM=1 ARCH=x86_64 -j8",
      "mean": 501.9694998696999,
      "stddev": 175.6650669252171,
      "median": 556.1737021448,
      "user": 3470.68683142,
      "system": 182.9009733,
      "min": 2.8665622543,
      "max": 580.0901756252999,
      "times": [
        2.8665622543,
        541.1385286993,
        548.0483977043,
        556.0163467263,
        558.4635483252999,
        557.5458477942999,
        565.1386576082999,
        556.3310575633,
        554.0558763962999,
        580.0901756252999
      ],
      "exit_codes": [
        0,
        0,
        0,
        0,
        0,
        0,
        0,
        0,
        0,
        0
      ],
      "parameters": {
        "nproc": "8"
      }
    },
    {
      "command": "make LLVM=1 ARCH=x86_64 -j16",
      "mean": 543.6588497750998,
      "stddev": 2.8585573285109356,
      "median": 542.2765146567999,
      "user": 3913.60823162,
      "system": 197.4163283,
      "min": 541.1717700963,
      "max": 548.7869136232999,
      "times": [
        548.2016228732999,
        548.7869136232999,
        545.7921557292999,
        542.8791680562999,
        542.6735728652999,
        541.7701106932999,
        541.8794564483,
        541.1717700963,
        541.8087714082999,
        541.6249559572999
      ],
      "exit_codes": [
        0,
        0,
        0,
        0,
        0,
        0,
        0,
        0,
        0,
        0
      ],
      "parameters": {
        "nproc": "16"
      }
    }
  ]
}
