{
  "results": [
    {
      "command": "make LLVM=1 -j8",
      "mean": 185.78787643076,
      "stddev": 14.43582453705087,
      "median": 187.26782695575997,
      "user": 1214.78020692,
      "system": 124.44581758,
      "min": 154.27338062276,
      "max": 200.76770508075998,
      "times": [
        154.27338062276,
        181.70933303875998,
        198.59471478875997,
        200.76770508075998,
        194.71473933075998,
        189.94276945576,
        184.59288445576,
        200.18656120576,
        177.21491603875998,
        175.88176028976
      ],
      "exit_codes": [
        0,
        0,
        0,
        0,
        0,
        0,
        0,
        0,
        0,
        0
      ],
      "parameters": {
        "nproc": "8"
      }
    },
    {
      "command": "make LLVM=1 -j16",
      "mean": 173.90875657655997,
      "stddev": 3.6931749511356746,
      "median": 173.31197308075997,
      "user": 1175.6041367199998,
      "system": 122.56911508,
      "min": 170.48254116375998,
      "max": 183.42656666375998,
      "times": [
        175.50613737176,
        173.58664778876,
        174.29175999775998,
        173.92763508075998,
        173.03729837275998,
        172.25395312275998,
        171.72690699775998,
        170.84811920575999,
        170.48254116375998,
        183.42656666375998
      ],
      "exit_codes": [
        0,
        0,
        0,
        0,
        0,
        0,
        0,
        0,
        0,
        0
      ],
      "parameters": {
        "nproc": "16"
      }
    }
  ]
}
