{
  "results": [
    {
      "command": "make ARCH=x86_64 LLVM=1 -j8",
      "mean": 450.5495544682,
      "stddev": 21.517303518257055,
      "median": 451.7291764286,
      "user": 3111.0218156399997,
      "system": 196.13469372,
      "min": 421.02680852059996,
      "max": 481.20340967659996,
      "times": [
        464.1820418136,
        443.6199223156,
        470.5005299606,
        421.02680852059996,
        459.83843054159996,
        481.20340967659996,
        472.32172802459996,
        428.84053778559996,
        430.8360113596,
        433.1261246836
      ],
      "exit_codes": [
        0,
        0,
        0,
        0,
        0,
        0,
        0,
        0,
        0,
        0
      ],
      "parameters": {
        "nproc": "8"
      }
    },
    {
      "command": "make ARCH=x86_64 LLVM=1 -j16",
      "mean": 442.6460491539,
      "stddev": 1.7099865387078002,
      "median": 443.03917215109993,
      "user": 3083.9987463400003,
      "system": 190.03527891999997,
      "min": 440.11315159559996,
      "max": 444.8775260846,
      "times": [
        442.62060100559995,
        443.8372822556,
        444.2630641046,
        444.8775260846,
        443.91725656759996,
        443.4577432966,
        442.0943853816,
        440.99842477659996,
        440.2810564706,
        440.11315159559996
      ],
      "exit_codes": [
        0,
        0,
        0,
        0,
        0,
        0,
        0,
        0,
        0,
        0
      ],
      "parameters": {
        "nproc": "16"
      }
    }
  ]
}
